f{Const|Any|LoadN|Add}{?}	f{Const|Any|LoadN|Add}{?}
f{Const|Any|LoadN|Add}{?}	g{Const}{0.0}
f{Const|Any|LoadN|Add}{?}	k{Any}{?}
f{Const|Any|LoadN|Add}{?}	d{Const|Any|Add}{?}
f{Const|Any|LoadN|Add}{?}	l{Any|LoadN}{?}
f{Const|Any|LoadN|Add}{?}	Unknown
f{Const|Any|LoadN|Add}{?}	m{Const|Any}{0.0}
f{Const|Any|LoadN|Add}{?}	n{Const|Any|LoadN|Add}{?}
f{Const|Any|LoadN|Add}{?}	o{Any}{?}
f{Const|Any|LoadN|Add}{?}	q{Const|Any|Add}{?}
f{Const|Any|LoadN|Add}{?}	p{Const}{4.0}
j{Const|LtX}{?}	e{Const|Any|Add}{?}
j{Const|LtX}{?}	i{Const}{1.0}
j{Const|LtX}{?}	r{Any}{?}
j{Const|LtX}{?}	t{Const|Any|Add}{?}
j{Const|LtX}{?}	s{Const}{-1.0}
e{Const|Any|Add}{?}	e{Const|Any|Add}{?}
e{Const|Any|Add}{?}	r{Any}{?}
e{Const|Any|Add}{?}	t{Const|Any|Add}{?}
e{Const|Any|Add}{?}	s{Const}{-1.0}
k{Any}{?}	d{Const|Any|Add}{?}
k{Any}{?}	o{Any}{?}
k{Any}{?}	q{Const|Any|Add}{?}
k{Any}{?}	p{Const}{4.0}
d{Const|Any|Add}{?}	d{Const|Any|Add}{?}
d{Const|Any|Add}{?}	o{Any}{?}
d{Const|Any|Add}{?}	q{Const|Any|Add}{?}
d{Const|Any|Add}{?}	p{Const}{4.0}
l{Any|LoadN}{?}	k{Any}{?}
l{Any|LoadN}{?}	d{Const|Any|Add}{?}
l{Any|LoadN}{?}	Unknown
l{Any|LoadN}{?}	o{Any}{?}
l{Any|LoadN}{?}	q{Const|Any|Add}{?}
l{Any|LoadN}{?}	p{Const}{4.0}
m{Const|Any}{0.0}	f{Const|Any|LoadN|Add}{?}
m{Const|Any}{0.0}	g{Const}{0.0}
m{Const|Any}{0.0}	k{Any}{?}
m{Const|Any}{0.0}	d{Const|Any|Add}{?}
m{Const|Any}{0.0}	l{Any|LoadN}{?}
m{Const|Any}{0.0}	Unknown
m{Const|Any}{0.0}	m{Const|Any}{0.0}
m{Const|Any}{0.0}	n{Const|Any|LoadN|Add}{?}
m{Const|Any}{0.0}	o{Any}{?}
m{Const|Any}{0.0}	q{Const|Any|Add}{?}
m{Const|Any}{0.0}	p{Const}{4.0}
n{Const|Any|LoadN|Add}{?}	f{Const|Any|LoadN|Add}{?}
n{Const|Any|LoadN|Add}{?}	g{Const}{0.0}
n{Const|Any|LoadN|Add}{?}	k{Any}{?}
n{Const|Any|LoadN|Add}{?}	d{Const|Any|Add}{?}
n{Const|Any|LoadN|Add}{?}	l{Any|LoadN}{?}
n{Const|Any|LoadN|Add}{?}	Unknown
n{Const|Any|LoadN|Add}{?}	m{Const|Any}{0.0}
n{Const|Any|LoadN|Add}{?}	n{Const|Any|LoadN|Add}{?}
n{Const|Any|LoadN|Add}{?}	o{Any}{?}
n{Const|Any|LoadN|Add}{?}	q{Const|Any|Add}{?}
n{Const|Any|LoadN|Add}{?}	p{Const}{4.0}
o{Any}{?}	d{Const|Any|Add}{?}
o{Any}{?}	o{Any}{?}
o{Any}{?}	q{Const|Any|Add}{?}
o{Any}{?}	p{Const}{4.0}
q{Const|Any|Add}{?}	d{Const|Any|Add}{?}
q{Const|Any|Add}{?}	o{Any}{?}
q{Const|Any|Add}{?}	q{Const|Any|Add}{?}
q{Const|Any|Add}{?}	p{Const}{4.0}
r{Any}{?}	e{Const|Any|Add}{?}
r{Any}{?}	r{Any}{?}
r{Any}{?}	t{Const|Any|Add}{?}
r{Any}{?}	s{Const}{-1.0}
t{Const|Any|Add}{?}	e{Const|Any|Add}{?}
t{Const|Any|Add}{?}	r{Any}{?}
t{Const|Any|Add}{?}	t{Const|Any|Add}{?}
t{Const|Any|Add}{?}	s{Const}{-1.0}
u{Const|Any|LoadN|Add}{?}	f{Const|Any|LoadN|Add}{?}
u{Const|Any|LoadN|Add}{?}	g{Const}{0.0}
u{Const|Any|LoadN|Add}{?}	k{Any}{?}
u{Const|Any|LoadN|Add}{?}	d{Const|Any|Add}{?}
u{Const|Any|LoadN|Add}{?}	l{Any|LoadN}{?}
u{Const|Any|LoadN|Add}{?}	Unknown
u{Const|Any|LoadN|Add}{?}	m{Const|Any}{0.0}
u{Const|Any|LoadN|Add}{?}	n{Const|Any|LoadN|Add}{?}
u{Const|Any|LoadN|Add}{?}	o{Any}{?}
u{Const|Any|LoadN|Add}{?}	q{Const|Any|Add}{?}
u{Const|Any|LoadN|Add}{?}	p{Const}{4.0}
